year,race,model,real_driver,real_time_seconds,real_pit_stops,real_strategy,predicted_time_seconds,predicted_pit_stops,predicted_strategy,delta_seconds,faster_than_real,outlier
2018,Abu Dhabi Grand Prix,Model1_MILP,HAM,5980.38,1,ULTRASOFT->SUPERSOFT,5923.39,1,ULTRASOFT->HYPERSOFT,-56.99,True,0
2018,Abu Dhabi Grand Prix,Model2_GoalProgramming,HAM,5980.38,1,ULTRASOFT->SUPERSOFT,5906.6,1,ULTRASOFT->HYPERSOFT,-73.78,True,0
2018,Australian Grand Prix,Model1_MILP,VET,5373.28,1,ULTRASOFT->SOFT,5400.06,2,SOFT->ULTRASOFT->SOFT,26.78,False,0
2018,Australian Grand Prix,Model2_GoalProgramming,VET,5373.28,1,ULTRASOFT->SOFT,5365.09,2,SOFT->ULTRASOFT->SOFT,-8.19,True,0
2018,Austrian Grand Prix,Model1_MILP,VER,4916.02,1,SUPERSOFT->SOFT,5055.96,2,SUPERSOFT->ULTRASOFT->SOFT,139.94,False,0
2018,Austrian Grand Prix,Model2_GoalProgramming,VER,4916.02,1,SUPERSOFT->SOFT,5009.06,2,SUPERSOFT->ULTRASOFT->SOFT,93.04,False,0
2018,Azerbaijan Grand Prix,Model1_MILP,HAM,6224.29,2,SUPERSOFT->SOFT->ULTRASOFT,5788.58,2,SOFT->SUPERSOFT->SOFT,-435.71,True,0
2018,Azerbaijan Grand Prix,Model2_GoalProgramming,HAM,6224.29,2,SUPERSOFT->SOFT->ULTRASOFT,5744.51,2,ULTRASOFT->SUPERSOFT->SOFT,-479.78,True,0
2018,Bahrain Grand Prix,Model1_MILP,VET,5521.94,1,SUPERSOFT->SOFT,5607.6,2,MEDIUM->SOFT->MEDIUM,85.66,False,0
2018,Bahrain Grand Prix,Model2_GoalProgramming,VET,5521.94,1,SUPERSOFT->SOFT,5600.05,2,MEDIUM->SUPERSOFT->MEDIUM,78.11,False,0
2018,Belgian Grand Prix,Model1_MILP,VET,5014.48,2,SUPERSOFT->SUPERSOFT->SOFT,4943.23,2,SUPERSOFT->SOFT->MEDIUM,-71.25,True,0
2018,Belgian Grand Prix,Model2_GoalProgramming,VET,5014.48,2,SUPERSOFT->SUPERSOFT->SOFT,4918.96,2,MEDIUM->SOFT->MEDIUM,-95.52,True,0
2018,Brazilian Grand Prix,Model1_MILP,HAM,5229.07,1,SUPERSOFT->MEDIUM,5311.02,2,SUPERSOFT->MEDIUM->SOFT,81.95,False,0
2018,Brazilian Grand Prix,Model2_GoalProgramming,HAM,5229.07,1,SUPERSOFT->MEDIUM,5302.55,2,SOFT->MEDIUM->SOFT,73.48,False,0
2018,British Grand Prix,Model1_MILP,VET,5249.78,2,SOFT->MEDIUM->SOFT,5283.5,2,HARD->SOFT->HARD,33.72,False,0
2018,British Grand Prix,Model2_GoalProgramming,VET,5249.78,2,SOFT->MEDIUM->SOFT,5263.53,2,MEDIUM->HARD->MEDIUM,13.75,False,0
2018,Canadian Grand Prix,Model1_MILP,VET,5311.38,1,ULTRASOFT->SUPERSOFT,5442.29,1,ULTRASOFT->SUPERSOFT,130.91,False,0
2018,Canadian Grand Prix,Model2_GoalProgramming,VET,5311.38,1,ULTRASOFT->SUPERSOFT,5420.99,1,ULTRASOFT->SUPERSOFT,109.61,False,0
2018,Chinese Grand Prix,Model1_MILP,RIC,5736.38,1,ULTRASOFT->SOFT,5736.9,1,ULTRASOFT->MEDIUM,0.52,False,0
2018,Chinese Grand Prix,Model2_GoalProgramming,RIC,5736.38,1,ULTRASOFT->SOFT,5717.58,1,SOFT->MEDIUM,-18.8,True,0
2018,French Grand Prix,Model1_MILP,HAM,5411.39,1,SUPERSOFT->SOFT,5451.56,1,SOFT->SUPERSOFT,40.17,False,0
2018,French Grand Prix,Model2_GoalProgramming,HAM,5411.39,1,SUPERSOFT->SOFT,5425.22,1,SOFT->SUPERSOFT,13.83,False,0
2018,German Grand Prix,Model1_MILP,HAM,5549.85,1,SOFT->ULTRASOFT,5571.98,3,ULTRASOFT->SOFT->MEDIUM->ULTRASOFT,22.13,False,0
2018,German Grand Prix,Model2_GoalProgramming,HAM,5549.85,1,SOFT->ULTRASOFT,5571.17,2,SOFT->MEDIUM->SOFT,21.32,False,0
2018,Hungarian Grand Prix,Model1_MILP,HAM,5836.43,1,ULTRASOFT->SOFT,5949.2,1,ULTRASOFT->SOFT,112.77,False,0
2018,Hungarian Grand Prix,Model2_GoalProgramming,HAM,5836.43,1,ULTRASOFT->SOFT,5926.99,1,ULTRASOFT->SOFT,90.56,False,0
2018,Japanese Grand Prix,Model1_MILP,HAM,5237.06,1,SOFT->MEDIUM,5341.96,2,SUPERSOFT->MEDIUM->SUPERSOFT,104.9,False,0
2018,Japanese Grand Prix,Model2_GoalProgramming,HAM,5237.06,1,SOFT->MEDIUM,5339.43,2,MEDIUM->SUPERSOFT->MEDIUM,102.37,False,0
2018,Mexican Grand Prix,Model1_MILP,VER,5908.85,2,ULTRASOFT->SUPERSOFT->SUPERSOFT,6102.13,2,ULTRASOFT->SUPERSOFT->ULTRASOFT,193.28,False,0
2018,Mexican Grand Prix,Model2_GoalProgramming,VER,5908.85,2,ULTRASOFT->SUPERSOFT->SUPERSOFT,6092.82,2,SUPERSOFT->HYPERSOFT->SUPERSOFT,183.97,False,0
2018,Monaco Grand Prix,Model1_MILP,RIC,6174.81,1,HYPERSOFT->ULTRASOFT,6247.05,2,HYPERSOFT->SUPERSOFT->HYPERSOFT,72.24,False,0
2018,Monaco Grand Prix,Model2_GoalProgramming,RIC,6174.81,1,HYPERSOFT->ULTRASOFT,6244.38,1,ULTRASOFT->SUPERSOFT,69.57,False,0
2018,Russian Grand Prix,Model1_MILP,HAM,5245.18,1,ULTRASOFT->SOFT,5309.32,1,HYPERSOFT->SOFT,64.14,False,0
2018,Russian Grand Prix,Model2_GoalProgramming,HAM,5245.18,1,ULTRASOFT->SOFT,5303.4,1,ULTRASOFT->SOFT,58.22,False,0
2018,Singapore Grand Prix,Model1_MILP,HAM,6671.61,1,HYPERSOFT->SOFT,6717.67,2,SOFT->HYPERSOFT->SOFT,46.06,False,0
2018,Singapore Grand Prix,Model2_GoalProgramming,HAM,6671.61,1,HYPERSOFT->SOFT,6669.91,2,ULTRASOFT->HYPERSOFT->SOFT,-1.7,True,0
2018,Spanish Grand Prix,Model1_MILP,HAM,5729.97,1,SOFT->MEDIUM,5858.11,2,MEDIUM->SOFT->MEDIUM,128.14,False,0
2018,Spanish Grand Prix,Model2_GoalProgramming,HAM,5729.97,1,SOFT->MEDIUM,5841.18,2,MEDIUM->SOFT->MEDIUM,111.21,False,0
2018,United States Grand Prix,Model1_MILP,RAI,5658.64,1,ULTRASOFT->SOFT,5748.53,2,SUPERSOFT->ULTRASOFT->SOFT,89.89,False,0
2018,United States Grand Prix,Model2_GoalProgramming,RAI,5658.64,1,ULTRASOFT->SOFT,5742.28,2,SOFT->SUPERSOFT->SOFT,83.64,False,0
2019,Abu Dhabi Grand Prix,Model1_MILP,HAM,5645.72,1,MEDIUM->HARD,5770.53,2,MEDIUM->SOFT->HARD,124.81,False,0
2019,Abu Dhabi Grand Prix,Model2_GoalProgramming,HAM,5645.72,1,MEDIUM->HARD,5731.86,2,MEDIUM->SOFT->HARD,86.14,False,0
2019,Australian Grand Prix,Model1_MILP,BOT,5127.32,1,SOFT->MEDIUM,5234.44,1,SOFT->MEDIUM,107.12,False,0
2019,Australian Grand Prix,Model2_GoalProgramming,BOT,5127.32,1,SOFT->MEDIUM,5210.83,1,SOFT->MEDIUM,83.51,False,0
2019,Austrian Grand Prix,Model1_MILP,VER,4921.82,1,MEDIUM->HARD,5025.22,1,MEDIUM->HARD,103.4,False,0
2019,Austrian Grand Prix,Model2_GoalProgramming,VER,4921.82,1,MEDIUM->HARD,5003.45,1,MEDIUM->HARD,81.63,False,0
2019,Azerbaijan Grand Prix,Model1_MILP,BOT,5512.94,1,SOFT->MEDIUM,5505.1,2,MEDIUM->SOFT->MEDIUM,-7.84,True,0
2019,Azerbaijan Grand Prix,Model2_GoalProgramming,BOT,5512.94,1,SOFT->MEDIUM,5469.38,2,MEDIUM->SOFT->MEDIUM,-43.56,True,0
2019,Bahrain Grand Prix,Model1_MILP,HAM,5661.3,2,SOFT->SOFT->MEDIUM,5525.2,2,HARD->MEDIUM->HARD,-136.1,True,0
2019,Bahrain Grand Prix,Model2_GoalProgramming,HAM,5661.3,2,SOFT->SOFT->MEDIUM,5473.23,2,HARD->SOFT->HARD,-188.07,True,0
2019,Belgian Grand Prix,Model1_MILP,NOR,4980.75,1,SOFT->MEDIUM,5148.49,2,MEDIUM->SOFT->MEDIUM,167.74,False,0
2019,Belgian Grand Prix,Model2_GoalProgramming,NOR,4980.75,1,SOFT->MEDIUM,5110.53,2,MEDIUM->SOFT->MEDIUM,129.78,False,0
2019,Brazilian Grand Prix,Model1_MILP,VER,5594.68,3,SOFT->SOFT->MEDIUM->SOFT,5651.82,3,SOFT->MEDIUM->SOFT->HARD,57.14,False,0
2019,Brazilian Grand Prix,Model2_GoalProgramming,VER,5594.68,3,SOFT->SOFT->MEDIUM->SOFT,5638.82,3,SOFT->MEDIUM->HARD->MEDIUM,44.14,False,0
2019,British Grand Prix,Model1_MILP,HAM,4868.45,1,MEDIUM->HARD,4904.73,2,MEDIUM->SOFT->HARD,36.28,False,0
2019,British Grand Prix,Model2_GoalProgramming,HAM,4868.45,1,MEDIUM->HARD,4900.95,2,HARD->SOFT->HARD,32.5,False,0
2019,Canadian Grand Prix,Model1_MILP,VET,5345.74,1,MEDIUM->HARD,5470.19,1,MEDIUM->HARD,124.45,False,0
2019,Canadian Grand Prix,Model2_GoalProgramming,VET,5345.74,1,MEDIUM->HARD,5446.26,1,MEDIUM->HARD,100.52,False,0
2019,Chinese Grand Prix,Model1_MILP,HAM,5526.35,2,MEDIUM->HARD->MEDIUM,5651.58,2,MEDIUM->HARD->MEDIUM,125.23,False,0
2019,Chinese Grand Prix,Model2_GoalProgramming,HAM,5526.35,2,MEDIUM->HARD->MEDIUM,5609.38,2,MEDIUM->HARD->MEDIUM,83.03,False,0
2019,French Grand Prix,Model1_MILP,HAM,5071.2,1,MEDIUM->HARD,5200.57,1,MEDIUM->HARD,129.37,False,0
2019,French Grand Prix,Model2_GoalProgramming,HAM,5071.2,1,MEDIUM->HARD,5169.43,1,MEDIUM->HARD,98.23,False,0
2019,Hungarian Grand Prix,Model1_MILP,HAM,5703.8,2,MEDIUM->HARD->MEDIUM,5835.79,2,SOFT->HARD->MEDIUM,131.99,False,0
2019,Hungarian Grand Prix,Model2_GoalProgramming,HAM,5703.8,2,MEDIUM->HARD->MEDIUM,5834.98,2,MEDIUM->SOFT->HARD,131.18,False,0
2019,Italian Grand Prix,Model1_MILP,LEC,4526.66,1,SOFT->HARD,4626.73,2,SOFT->HARD->MEDIUM,100.07,False,0
2019,Italian Grand Prix,Model2_GoalProgramming,LEC,4526.66,1,SOFT->HARD,4618.44,2,HARD->SOFT->HARD,91.78,False,0
2019,Japanese Grand Prix,Model1_MILP,BOT,4906.76,2,SOFT->MEDIUM->SOFT,4993.82,2,HARD->SOFT->MEDIUM,87.06,False,0
2019,Japanese Grand Prix,Model2_GoalProgramming,BOT,4906.76,2,SOFT->MEDIUM->SOFT,4993.3,2,HARD->MEDIUM->HARD,86.54,False,0
2019,Mexican Grand Prix,Model1_MILP,HAM,5808.9,1,MEDIUM->HARD,5938.43,2,SOFT->MEDIUM->HARD,129.53,False,0
2019,Mexican Grand Prix,Model2_GoalProgramming,HAM,5808.9,1,MEDIUM->HARD,5935.29,2,HARD->MEDIUM->HARD,126.39,False,0
2019,Monaco Grand Prix,Model1_MILP,HAM,6208.44,1,SOFT->MEDIUM,6279.28,1,SOFT->HARD,70.84,False,0
2019,Monaco Grand Prix,Model2_GoalProgramming,HAM,6208.44,1,SOFT->MEDIUM,6253.86,1,SOFT->HARD,45.42,False,0
2019,Russian Grand Prix,Model1_MILP,HAM,5618.99,1,MEDIUM->SOFT,5461.57,2,SOFT->HARD->SOFT,-157.42,True,0
2019,Russian Grand Prix,Model2_GoalProgramming,HAM,5618.99,1,MEDIUM->SOFT,5458.16,2,MEDIUM->HARD->MEDIUM,-160.83,True,0
2019,Singapore Grand Prix,Model1_MILP,VET,7113.67,1,SOFT->HARD,7124.06,2,MEDIUM->SOFT->MEDIUM,10.39,False,0
2019,Singapore Grand Prix,Model2_GoalProgramming,VET,7113.67,1,SOFT->HARD,7103.27,2,HARD->SOFT->HARD,-10.4,True,0
2019,Spanish Grand Prix,Model1_MILP,HAM,5750.44,2,SOFT->MEDIUM->SOFT,5785.2,2,SOFT->HARD->MEDIUM,34.76,False,0
2019,Spanish Grand Prix,Model2_GoalProgramming,HAM,5750.44,2,SOFT->MEDIUM->SOFT,5785.16,2,MEDIUM->HARD->MEDIUM,34.72,False,0
2019,United States Grand Prix,Model1_MILP,BOT,5635.65,2,MEDIUM->HARD->MEDIUM,5746.81,2,MEDIUM->SOFT->MEDIUM,111.16,False,0
2019,United States Grand Prix,Model2_GoalProgramming,BOT,5635.65,2,MEDIUM->HARD->MEDIUM,5709.9,2,SOFT->HARD->MEDIUM,74.25,False,0
2020,70th Anniversary Grand Prix,Model1_MILP,VER,4781.99,2,HARD->MEDIUM->HARD,4911.84,3,MEDIUM->HARD->MEDIUM->HARD,129.85,False,0
2020,70th Anniversary Grand Prix,Model2_GoalProgramming,VER,4781.99,2,HARD->MEDIUM->HARD,4863.78,2,HARD->MEDIUM->HARD,81.79,False,0
2020,Abu Dhabi Grand Prix,Model1_MILP,VER,5788.65,1,MEDIUM->HARD,5692.2,2,MEDIUM->SOFT->HARD,-96.45,True,0
2020,Abu Dhabi Grand Prix,Model2_GoalProgramming,VER,5788.65,1,MEDIUM->HARD,5687.12,1,SOFT->HARD,-101.53,True,0
2020,Austrian Grand Prix,Model1_MILP,HAM,5183.31,2,SOFT->HARD->HARD,5326.39,3,SOFT->MEDIUM->HARD->SOFT,143.08,False,0
2020,Austrian Grand Prix,Model2_GoalProgramming,HAM,5183.31,2,SOFT->HARD->HARD,5323.18,2,MEDIUM->HARD->MEDIUM,139.87,False,0
2020,Bahrain Grand Prix,Model1_MILP,HAM,5837.19,3,MEDIUM->MEDIUM->MEDIUM->HARD,7284.61,4,MEDIUM->SOFT->MEDIUM->HARD->SOFT,1447.42,False,1
2020,Bahrain Grand Prix,Model2_GoalProgramming,HAM,5837.19,3,MEDIUM->MEDIUM->MEDIUM->HARD,7257.16,3,MEDIUM->HARD->MEDIUM->HARD,1419.97,False,1
2020,Belgian Grand Prix,Model1_MILP,HAM,5048.76,1,MEDIUM->HARD,4772.89,2,SOFT->MEDIUM->SOFT,-275.87,True,0
2020,Belgian Grand Prix,Model2_GoalProgramming,HAM,5048.76,1,MEDIUM->HARD,4727.65,2,SOFT->MEDIUM->HARD,-321.11,True,0
2020,British Grand Prix,Model1_MILP,HAM,5281.28,1,MEDIUM->HARD,4921.3,2,HARD->SOFT->HARD,-359.98,True,0
2020,British Grand Prix,Model2_GoalProgramming,HAM,5281.28,1,MEDIUM->HARD,4858.8,2,HARD->SOFT->HARD,-422.48,True,0
2020,Eifel Grand Prix,Model1_MILP,HAM,5749.64,2,SOFT->MEDIUM->SOFT,5777.4,2,SOFT->HARD->MEDIUM,27.76,False,0
2020,Eifel Grand Prix,Model2_GoalProgramming,HAM,5749.64,2,SOFT->MEDIUM->SOFT,5773.27,2,HARD->MEDIUM->HARD,23.63,False,0
2020,Emilia Romagna Grand Prix,Model1_MILP,HAM,5312.43,2,MEDIUM->HARD->SOFT,5306.86,2,MEDIUM->HARD->MEDIUM,-5.57,True,0
2020,Emilia Romagna Grand Prix,Model2_GoalProgramming,HAM,5312.43,2,MEDIUM->HARD->SOFT,5264.32,2,MEDIUM->HARD->MEDIUM,-48.11,True,0
2020,Hungarian Grand Prix,Model1_MILP,HAM,5772.47,3,INTERMEDIATE->MEDIUM->MEDIUM->SOFT,5897.56,3,HARD->MEDIUM->HARD->SOFT,125.09,False,0
2020,Hungarian Grand Prix,Model2_GoalProgramming,HAM,5772.47,3,INTERMEDIATE->MEDIUM->MEDIUM->SOFT,5894.52,2,HARD->MEDIUM->HARD,122.05,False,0
2020,Italian Grand Prix,Model1_MILP,SAI,4741.11,2,SOFT->MEDIUM->MEDIUM,6457.33,2,SOFT->HARD->MEDIUM,1716.22,False,1
2020,Italian Grand Prix,Model2_GoalProgramming,SAI,4741.11,2,SOFT->MEDIUM->MEDIUM,6450.62,2,MEDIUM->HARD->MEDIUM,1709.51,False,1
2020,Portuguese Grand Prix,Model1_MILP,HAM,5396.83,1,MEDIUM->HARD,5525.05,1,MEDIUM->HARD,128.22,False,0
2020,Portuguese Grand Prix,Model2_GoalProgramming,HAM,5396.83,1,MEDIUM->HARD,5496.55,1,MEDIUM->HARD,99.72,False,0
2020,Russian Grand Prix,Model1_MILP,BOT,5640.36,1,MEDIUM->HARD,5746.44,2,MEDIUM->SOFT->HARD,106.08,False,0
2020,Russian Grand Prix,Model2_GoalProgramming,BOT,5640.36,1,MEDIUM->HARD,5708.28,2,SOFT->MEDIUM->HARD,67.92,False,0
2020,Sakhir Grand Prix,Model1_MILP,PER,5475.11,2,SOFT->MEDIUM->HARD,5512.04,3,SOFT->MEDIUM->HARD->SOFT,36.93,False,0
2020,Sakhir Grand Prix,Model2_GoalProgramming,PER,5475.11,2,SOFT->MEDIUM->HARD,5502.68,3,MEDIUM->SOFT->MEDIUM->HARD,27.57,False,0
2020,Spanish Grand Prix,Model1_MILP,HAM,5505.28,2,SOFT->MEDIUM->MEDIUM,5666.5,2,SOFT->HARD->MEDIUM,161.22,False,0
2020,Spanish Grand Prix,Model2_GoalProgramming,HAM,5505.28,2,SOFT->MEDIUM->MEDIUM,5658.01,2,MEDIUM->HARD->MEDIUM,152.73,False,0
2020,Styrian Grand Prix,Model1_MILP,HAM,4970.68,1,SOFT->MEDIUM,5073.74,2,SOFT->HARD->MEDIUM,103.06,False,0
2020,Styrian Grand Prix,Model2_GoalProgramming,HAM,4970.68,1,SOFT->MEDIUM,5052.66,2,MEDIUM->HARD->MEDIUM,81.98,False,0
2020,Turkish Grand Prix,Model1_MILP,HAM,6139.31,1,WET->INTERMEDIATE,6579.2,2,INTERMEDIATE->WET->INTERMEDIATE,439.89,False,0
2020,Turkish Grand Prix,Model2_GoalProgramming,HAM,6139.31,1,WET->INTERMEDIATE,6571.86,2,INTERMEDIATE->WET->INTERMEDIATE,432.55,False,0
2020,Tuscan Grand Prix,Model1_MILP,BOT,5284.41,5,SOFT->SOFT->MEDIUM->HARD->MEDIUM->SOFT,6654.81,5,HARD->SOFT->HARD->MEDIUM->HARD->SOFT,1370.4,False,1
2020,Tuscan Grand Prix,Model2_GoalProgramming,BOT,5284.41,5,SOFT->SOFT->MEDIUM->HARD->MEDIUM->SOFT,6644.85,5,HARD->MEDIUM->HARD->MEDIUM->HARD->SOFT,1360.44,False,1
2021,Abu Dhabi Grand Prix,Model1_MILP,VER,5417.35,3,SOFT->HARD->HARD->SOFT,5491.23,2,SOFT->HARD->MEDIUM,73.88,False,0
2021,Abu Dhabi Grand Prix,Model2_GoalProgramming,VER,5417.35,3,SOFT->HARD->HARD->SOFT,5476.9,2,MEDIUM->HARD->MEDIUM,59.55,False,0
2021,Austrian Grand Prix,Model1_MILP,VER,5034.54,2,MEDIUM->HARD->HARD,5150.18,2,MEDIUM->HARD->MEDIUM,115.64,False,0
2021,Austrian Grand Prix,Model2_GoalProgramming,VER,5034.54,2,MEDIUM->HARD->HARD,5124.36,2,MEDIUM->HARD->MEDIUM,89.82,False,0
2021,Azerbaijan Grand Prix,Model1_MILP,LAT,5818.07,2,MEDIUM->HARD->SOFT,5331.95,4,HARD->SOFT->MEDIUM->HARD->MEDIUM,-486.12,True,0
2021,Azerbaijan Grand Prix,Model2_GoalProgramming,LAT,5818.07,2,MEDIUM->HARD->SOFT,5321.57,3,HARD->MEDIUM->HARD->MEDIUM,-496.5,True,0
2021,Bahrain Grand Prix,Model1_MILP,HAM,5523.9,2,MEDIUM->HARD->HARD,5525.57,2,HARD->MEDIUM->HARD,1.67,False,0
2021,Bahrain Grand Prix,Model2_GoalProgramming,HAM,5523.9,2,MEDIUM->HARD->HARD,5478.84,2,HARD->MEDIUM->HARD,-45.06,True,0
2021,Belgian Grand Prix,Model1_MILP,VER,207.07,0,UNKNOWN,93.63,0,HARD,-113.44,True,0
2021,Belgian Grand Prix,Model2_GoalProgramming,VER,207.07,0,UNKNOWN,93.63,0,HARD,-113.44,True,0
2021,British Grand Prix,Model1_MILP,RUS,4862.56,2,MEDIUM->MEDIUM->HARD,4947.88,2,SOFT->MEDIUM->HARD,85.32,False,0
2021,British Grand Prix,Model2_GoalProgramming,RUS,4862.56,2,MEDIUM->MEDIUM->HARD,4911.89,2,SOFT->MEDIUM->HARD,49.33,False,0
2021,Dutch Grand Prix,Model1_MILP,VER,5405.39,2,SOFT->MEDIUM->HARD,5561.84,2,SOFT->MEDIUM->SOFT,156.45,False,0
2021,Dutch Grand Prix,Model2_GoalProgramming,VER,5405.39,2,SOFT->MEDIUM->HARD,5540.31,2,SOFT->MEDIUM->HARD,134.92,False,0
2021,Emilia Romagna Grand Prix,Model1_MILP,VER,5581.86,2,INTERMEDIATE->MEDIUM->MEDIUM,5716.84,3,MEDIUM->INTERMEDIATE->MEDIUM->SOFT,134.98,False,0
2021,Emilia Romagna Grand Prix,Model2_GoalProgramming,VER,5581.86,2,INTERMEDIATE->MEDIUM->MEDIUM,5703.84,3,MEDIUM->INTERMEDIATE->MEDIUM->SOFT,121.98,False,0
2021,French Grand Prix,Model1_MILP,VER,5245.77,2,MEDIUM->HARD->MEDIUM,5266.12,1,SOFT->MEDIUM,20.35,False,0
2021,French Grand Prix,Model2_GoalProgramming,VER,5245.77,2,MEDIUM->HARD->MEDIUM,5254.35,1,SOFT->HARD,8.58,False,0
2021,Hungarian Grand Prix,Model1_MILP,HAM,5879.06,4,INTERMEDIATE->INTERMEDIATE->MEDIUM->HARD->MEDIUM,5963.92,3,HARD->MEDIUM->HARD->MEDIUM,84.86,False,0
2021,Hungarian Grand Prix,Model2_GoalProgramming,HAM,5879.06,4,INTERMEDIATE->INTERMEDIATE->MEDIUM->HARD->MEDIUM,5963.71,3,HARD->MEDIUM->HARD,84.65,False,0
2021,Italian Grand Prix,Model1_MILP,RIC,4914.36,1,MEDIUM->HARD,4860.86,2,MEDIUM->SOFT->HARD,-53.5,True,0
2021,Italian Grand Prix,Model2_GoalProgramming,RIC,4914.36,1,MEDIUM->HARD,4831.0,2,MEDIUM->SOFT->HARD,-83.36,True,0
2021,Mexico City Grand Prix,Model1_MILP,VER,5919.09,1,MEDIUM->HARD,6024.69,2,HARD->MEDIUM->HARD,105.6,False,0
2021,Mexico City Grand Prix,Model2_GoalProgramming,VER,5919.09,1,MEDIUM->HARD,6021.07,2,HARD->MEDIUM->HARD,101.98,False,0
2021,Monaco Grand Prix,Model1_MILP,VER,5936.82,1,SOFT->HARD,6047.49,1,SOFT->HARD,110.67,False,0
2021,Monaco Grand Prix,Model2_GoalProgramming,VER,5936.82,1,SOFT->HARD,6044.57,1,MEDIUM->HARD,107.75,False,0
2021,Portuguese Grand Prix,Model1_MILP,HAM,5671.42,3,MEDIUM->MEDIUM->MEDIUM->HARD,5647.87,3,HARD->SOFT->MEDIUM->HARD,-23.55,True,0
2021,Portuguese Grand Prix,Model2_GoalProgramming,HAM,5671.42,3,MEDIUM->MEDIUM->MEDIUM->HARD,5639.47,3,HARD->SOFT->MEDIUM->HARD,-31.95,True,0
2021,Qatar Grand Prix,Model1_MILP,HAM,5068.47,2,MEDIUM->HARD->MEDIUM,5177.24,2,MEDIUM->HARD->MEDIUM,108.77,False,0
2021,Qatar Grand Prix,Model2_GoalProgramming,HAM,5068.47,2,MEDIUM->HARD->MEDIUM,5171.06,2,SOFT->MEDIUM->HARD,102.59,False,0
2021,Russian Grand Prix,Model1_MILP,HAM,5441.0,2,MEDIUM->HARD->INTERMEDIATE,5453.14,2,SOFT->HARD->SOFT,12.14,False,0
2021,Russian Grand Prix,Model2_GoalProgramming,HAM,5441.0,2,MEDIUM->HARD->INTERMEDIATE,5444.51,2,SOFT->HARD->INTERMEDIATE,3.51,False,0
2021,Saudi Arabian Grand Prix,Model1_MILP,HAM,5082.56,3,MEDIUM->HARD->HARD->HARD,5037.1,3,MEDIUM->SOFT->MEDIUM->HARD,-45.46,True,0
2021,Saudi Arabian Grand Prix,Model2_GoalProgramming,HAM,5082.56,3,MEDIUM->HARD->HARD->HARD,5034.41,3,HARD->SOFT->HARD->MEDIUM,-48.15,True,0
2021,Spanish Grand Prix,Model1_MILP,HAM,5587.68,2,SOFT->MEDIUM->MEDIUM,5730.79,2,SOFT->MEDIUM->SOFT,143.11,False,0
2021,Spanish Grand Prix,Model2_GoalProgramming,HAM,5587.68,2,SOFT->MEDIUM->MEDIUM,5696.5,2,SOFT->MEDIUM->SOFT,108.82,False,0
2021,Styrian Grand Prix,Model1_MILP,VER,4938.93,1,MEDIUM->HARD,5068.49,2,MEDIUM->HARD->MEDIUM,129.56,False,0
2021,Styrian Grand Prix,Model2_GoalProgramming,VER,4938.93,1,MEDIUM->HARD,5045.59,2,HARD->MEDIUM->HARD,106.66,False,0
2021,São Paulo Grand Prix,Model1_MILP,HAM,5542.85,4,MEDIUM->MEDIUM->MEDIUM->HARD->HARD,5635.42,5,MEDIUM->SOFT->MEDIUM->HARD->MEDIUM->HARD,92.57,False,0
2021,São Paulo Grand Prix,Model2_GoalProgramming,HAM,5542.85,4,MEDIUM->MEDIUM->MEDIUM->HARD->HARD,5592.34,4,SOFT->MEDIUM->HARD->MEDIUM->HARD,49.49,False,0
2021,Turkish Grand Prix,Model1_MILP,BOT,5464.1,1,INTERMEDIATE->INTERMEDIATE,5589.11,1,MEDIUM->INTERMEDIATE,125.01,False,0
2021,Turkish Grand Prix,Model2_GoalProgramming,BOT,5464.1,1,INTERMEDIATE->INTERMEDIATE,5564.37,1,MEDIUM->INTERMEDIATE,100.27,False,0
2021,United States Grand Prix,Model1_MILP,VER,5676.55,2,MEDIUM->HARD->HARD,5742.09,2,MEDIUM->SOFT->HARD,65.54,False,0
2021,United States Grand Prix,Model2_GoalProgramming,VER,5676.55,2,MEDIUM->HARD->HARD,5717.9,2,MEDIUM->SOFT->HARD,41.35,False,0
2022,Abu Dhabi Grand Prix,Model1_MILP,VER,5265.91,1,MEDIUM->HARD,5365.72,2,MEDIUM->HARD->SOFT,99.81,False,0
2022,Abu Dhabi Grand Prix,Model2_GoalProgramming,VER,5265.91,1,MEDIUM->HARD,5330.21,2,MEDIUM->HARD->MEDIUM,64.3,False,0
2022,Australian Grand Prix,Model1_MILP,LEC,5266.55,1,MEDIUM->HARD,5119.1,2,SOFT->MEDIUM->HARD,-147.45,True,0
2022,Australian Grand Prix,Model2_GoalProgramming,LEC,5266.55,1,MEDIUM->HARD,5082.02,2,SOFT->MEDIUM->HARD,-184.53,True,0
2022,Austrian Grand Prix,Model1_MILP,LEC,5064.31,3,MEDIUM->HARD->HARD->MEDIUM,5189.73,3,HARD->MEDIUM->HARD->MEDIUM,125.42,False,0
2022,Austrian Grand Prix,Model2_GoalProgramming,LEC,5064.31,3,MEDIUM->HARD->HARD->MEDIUM,5170.75,3,MEDIUM->HARD->MEDIUM->HARD,106.44,False,0
2022,Azerbaijan Grand Prix,Model1_MILP,VER,5645.94,2,MEDIUM->HARD->HARD,5429.51,2,SOFT->MEDIUM->HARD,-216.43,True,0
2022,Azerbaijan Grand Prix,Model2_GoalProgramming,VER,5645.94,2,MEDIUM->HARD->HARD,5422.05,2,SOFT->MEDIUM->HARD,-223.89,True,0
2022,Bahrain Grand Prix,Model1_MILP,PER,5765.52,3,SOFT->MEDIUM->SOFT->SOFT,5667.71,3,HARD->SOFT->MEDIUM->HARD,-97.81,True,0
2022,Bahrain Grand Prix,Model2_GoalProgramming,PER,5765.52,3,SOFT->MEDIUM->SOFT->SOFT,5613.77,3,HARD->MEDIUM->SOFT->HARD,-151.75,True,0
2022,Belgian Grand Prix,Model1_MILP,VER,5152.89,2,SOFT->MEDIUM->MEDIUM,5151.8,2,MEDIUM->SOFT->HARD,-1.09,True,0
2022,Belgian Grand Prix,Model2_GoalProgramming,VER,5152.89,2,SOFT->MEDIUM->MEDIUM,5122.57,2,HARD->SOFT->HARD,-30.32,True,0
2022,British Grand Prix,Model1_MILP,ALO,5075.73,3,MEDIUM->MEDIUM->HARD->SOFT,5112.22,3,HARD->MEDIUM->HARD->MEDIUM,36.49,False,0
2022,British Grand Prix,Model2_GoalProgramming,ALO,5075.73,3,MEDIUM->MEDIUM->HARD->SOFT,5067.78,3,HARD->MEDIUM->HARD->SOFT,-7.95,True,0
2022,Canadian Grand Prix,Model1_MILP,VER,5781.76,2,MEDIUM->HARD->HARD,5854.16,2,MEDIUM->HARD->MEDIUM,72.4,False,0
2022,Canadian Grand Prix,Model2_GoalProgramming,VER,5781.76,2,MEDIUM->HARD->HARD,5830.84,2,MEDIUM->HARD->MEDIUM,49.08,False,0
2022,Dutch Grand Prix,Model1_MILP,VER,5802.77,4,SOFT->MEDIUM->HARD->SOFT->SOFT,5818.36,4,MEDIUM->SOFT->MEDIUM->HARD->MEDIUM,15.59,False,0
2022,Dutch Grand Prix,Model2_GoalProgramming,VER,5802.77,4,SOFT->MEDIUM->HARD->SOFT->SOFT,5773.37,4,MEDIUM->HARD->MEDIUM->HARD->MEDIUM,-29.4,True,0
2022,Emilia Romagna Grand Prix,Model1_MILP,VER,5527.99,2,INTERMEDIATE->MEDIUM->SOFT,5457.21,2,HARD->MEDIUM->SOFT,-70.78,True,0
2022,Emilia Romagna Grand Prix,Model2_GoalProgramming,VER,5527.99,2,INTERMEDIATE->MEDIUM->SOFT,5452.7,1,HARD->MEDIUM,-75.29,True,0
2022,French Grand Prix,Model1_MILP,VER,5402.11,1,MEDIUM->HARD,5521.82,2,MEDIUM->HARD->MEDIUM,119.71,False,0
2022,French Grand Prix,Model2_GoalProgramming,VER,5402.11,1,MEDIUM->HARD,5461.84,2,HARD->MEDIUM->HARD,59.73,False,0
2022,Hungarian Grand Prix,Model1_MILP,VER,5975.91,2,SOFT->MEDIUM->MEDIUM,6094.79,3,SOFT->MEDIUM->SOFT->MEDIUM,118.88,False,0
2022,Hungarian Grand Prix,Model2_GoalProgramming,VER,5975.91,2,SOFT->MEDIUM->MEDIUM,6066.0,2,SOFT->MEDIUM->HARD,90.09,False,0
2022,Italian Grand Prix,Model1_MILP,VER,4827.51,2,SOFT->MEDIUM->SOFT,4837.89,2,SOFT->HARD->MEDIUM,10.38,False,0
2022,Italian Grand Prix,Model2_GoalProgramming,VER,4827.51,2,SOFT->MEDIUM->SOFT,4822.13,1,MEDIUM->HARD,-5.38,True,0
2022,Japanese Grand Prix,Model1_MILP,VER,3150.25,2,INTERMEDIATE->WET->INTERMEDIATE,3388.59,3,WET->INTERMEDIATE->WET->INTERMEDIATE,238.34,False,0
2022,Japanese Grand Prix,Model2_GoalProgramming,VER,3150.25,2,INTERMEDIATE->WET->INTERMEDIATE,3388.04,3,INTERMEDIATE->WET->INTERMEDIATE->WET,237.79,False,0
2022,Mexico City Grand Prix,Model1_MILP,VER,5916.73,1,SOFT->MEDIUM,6042.4,1,MEDIUM->HARD,125.67,False,0
2022,Mexico City Grand Prix,Model2_GoalProgramming,VER,5916.73,1,SOFT->MEDIUM,6018.93,1,MEDIUM->HARD,102.2,False,0
2022,Miami Grand Prix,Model1_MILP,MAG,5608.86,2,MEDIUM->HARD->MEDIUM,5673.6,2,MEDIUM->HARD->SOFT,64.74,False,0
2022,Miami Grand Prix,Model2_GoalProgramming,MAG,5608.86,2,MEDIUM->HARD->MEDIUM,5642.27,2,MEDIUM->HARD->SOFT,33.41,False,0
2022,Monaco Grand Prix,Model1_MILP,LEC,5704.01,3,WET->INTERMEDIATE->HARD->HARD,5682.1,4,MEDIUM->HARD->SOFT->MEDIUM->HARD,-21.91,True,0
2022,Monaco Grand Prix,Model2_GoalProgramming,LEC,5704.01,3,WET->INTERMEDIATE->HARD->HARD,5667.82,3,HARD->SOFT->MEDIUM->HARD,-36.19,True,0
2022,Saudi Arabian Grand Prix,Model1_MILP,VER,5059.29,1,MEDIUM->HARD,4895.39,1,MEDIUM->HARD,-163.9,True,0
2022,Saudi Arabian Grand Prix,Model2_GoalProgramming,VER,5059.29,1,MEDIUM->HARD,4874.49,1,MEDIUM->HARD,-184.8,True,0
2022,Singapore Grand Prix,Model1_MILP,PER,7335.24,1,INTERMEDIATE->MEDIUM,6276.36,2,MEDIUM->SOFT->INTERMEDIATE,-1058.88,True,1
2022,Singapore Grand Prix,Model2_GoalProgramming,PER,7335.24,1,INTERMEDIATE->MEDIUM,6212.76,2,MEDIUM->SOFT->INTERMEDIATE,-1122.48,True,1
2022,Spanish Grand Prix,Model1_MILP,VER,5840.48,3,SOFT->MEDIUM->SOFT->MEDIUM,5980.12,3,SOFT->MEDIUM->HARD->SOFT,139.64,False,0
2022,Spanish Grand Prix,Model2_GoalProgramming,VER,5840.48,3,SOFT->MEDIUM->SOFT->MEDIUM,5966.63,3,SOFT->MEDIUM->HARD,126.15,False,0
2022,São Paulo Grand Prix,Model1_MILP,RUS,5914.04,2,SOFT->MEDIUM->SOFT,5957.54,3,HARD->SOFT->MEDIUM->SOFT,43.5,False,0
2022,São Paulo Grand Prix,Model2_GoalProgramming,RUS,5914.04,2,SOFT->MEDIUM->SOFT,5953.45,3,MEDIUM->HARD->MEDIUM->SOFT,39.41,False,0
2022,United States Grand Prix,Model1_MILP,VER,6131.69,2,MEDIUM->HARD->MEDIUM,5776.86,2,MEDIUM->SOFT->HARD,-354.83,True,0
2022,United States Grand Prix,Model2_GoalProgramming,VER,6131.69,2,MEDIUM->HARD->MEDIUM,5766.71,2,HARD->SOFT->HARD,-364.98,True,0
2023,Abu Dhabi Grand Prix,Model1_MILP,SAI,5210.92,2,HARD->HARD->SOFT,5313.82,2,MEDIUM->HARD->MEDIUM,102.9,False,0
2023,Abu Dhabi Grand Prix,Model2_GoalProgramming,SAI,5210.92,2,HARD->HARD->SOFT,5274.79,2,MEDIUM->HARD->MEDIUM,63.87,False,0
2023,Australian Grand Prix,Model1_MILP,HAM,4968.53,2,MEDIUM->HARD->SOFT,6060.12,5,MEDIUM->SOFT->HARD->MEDIUM->HARD->MEDIUM,1091.59,False,1
2023,Australian Grand Prix,Model2_GoalProgramming,HAM,4968.53,2,MEDIUM->HARD->SOFT,6055.43,4,MEDIUM->HARD->MEDIUM->HARD->MEDIUM,1086.9,False,1
2023,Austrian Grand Prix,Model1_MILP,VER,5133.61,4,MEDIUM->MEDIUM->HARD->MEDIUM->SOFT,5242.16,4,SOFT->MEDIUM->HARD->MEDIUM->HARD,108.55,False,0
2023,Austrian Grand Prix,Model2_GoalProgramming,VER,5133.61,4,MEDIUM->MEDIUM->HARD->MEDIUM->SOFT,5192.91,3,HARD->MEDIUM->HARD->MEDIUM,59.3,False,0
2023,Azerbaijan Grand Prix,Model1_MILP,PER,5562.44,1,MEDIUM->HARD,5098.02,2,SOFT->MEDIUM->SOFT,-464.42,True,0
2023,Azerbaijan Grand Prix,Model2_GoalProgramming,PER,5562.44,1,MEDIUM->HARD,5054.5,2,SOFT->MEDIUM->SOFT,-507.94,True,1
2023,Bahrain Grand Prix,Model1_MILP,VER,5636.74,2,SOFT->SOFT->HARD,5639.58,3,MEDIUM->SOFT->MEDIUM->HARD,2.84,False,0
2023,Bahrain Grand Prix,Model2_GoalProgramming,VER,5636.74,2,SOFT->SOFT->HARD,5612.94,3,MEDIUM->HARD->SOFT->HARD,-23.8,True,0
2023,Belgian Grand Prix,Model1_MILP,VER,4950.45,2,SOFT->MEDIUM->SOFT,4678.81,3,MEDIUM->HARD->MEDIUM->HARD,-271.64,True,0
2023,Belgian Grand Prix,Model2_GoalProgramming,VER,4950.45,2,SOFT->MEDIUM->SOFT,4677.83,3,HARD->MEDIUM->HARD->MEDIUM,-272.62,True,0
2023,British Grand Prix,Model1_MILP,VER,5116.94,1,MEDIUM->SOFT,5171.23,2,SOFT->MEDIUM->SOFT,54.29,False,0
2023,British Grand Prix,Model2_GoalProgramming,VER,5116.94,1,MEDIUM->SOFT,5143.48,2,MEDIUM->HARD->MEDIUM,26.54,False,0
2023,Canadian Grand Prix,Model1_MILP,VER,5638.35,2,MEDIUM->HARD->MEDIUM,5658.78,2,SOFT->MEDIUM->HARD,20.43,False,0
2023,Canadian Grand Prix,Model2_GoalProgramming,VER,5638.35,2,MEDIUM->HARD->MEDIUM,5609.86,2,SOFT->MEDIUM->HARD,-28.49,True,0
2023,Dutch Grand Prix,Model1_MILP,VER,6018.87,6,SOFT->INTERMEDIATE->SOFT->SOFT->INTERMEDIATE->WET->INTERMEDIATE,6116.62,4,HARD->INTERMEDIATE->MEDIUM->HARD->INTERMEDIATE,97.75,False,0
2023,Dutch Grand Prix,Model2_GoalProgramming,VER,6018.87,6,SOFT->INTERMEDIATE->SOFT->SOFT->INTERMEDIATE->WET->INTERMEDIATE,6115.99,5,HARD->INTERMEDIATE->HARD->INTERMEDIATE->HARD->INTERMEDIATE,97.12,False,0
2023,Hungarian Grand Prix,Model1_MILP,VER,5888.63,2,MEDIUM->HARD->MEDIUM,5997.44,2,MEDIUM->HARD->MEDIUM,108.81,False,0
2023,Hungarian Grand Prix,Model2_GoalProgramming,VER,5888.63,2,MEDIUM->HARD->MEDIUM,5958.68,2,MEDIUM->HARD->MEDIUM,70.05,False,0
2023,Italian Grand Prix,Model1_MILP,VER,4421.14,1,MEDIUM->HARD,4507.32,2,MEDIUM->HARD->MEDIUM,86.18,False,0
2023,Italian Grand Prix,Model2_GoalProgramming,VER,4421.14,1,MEDIUM->HARD,4490.45,2,HARD->MEDIUM->HARD,69.31,False,0
2023,Japanese Grand Prix,Model1_MILP,VER,5458.42,2,MEDIUM->MEDIUM->HARD,5572.07,3,HARD->MEDIUM->HARD->MEDIUM,113.65,False,0
2023,Japanese Grand Prix,Model2_GoalProgramming,VER,5458.42,2,MEDIUM->MEDIUM->HARD,5515.71,3,HARD->MEDIUM->HARD->MEDIUM,57.29,False,0
2023,Las Vegas Grand Prix,Model1_MILP,VER,5348.29,2,MEDIUM->HARD->HARD,5260.68,2,MEDIUM->SOFT->HARD,-87.61,True,0
2023,Las Vegas Grand Prix,Model2_GoalProgramming,VER,5348.29,2,MEDIUM->HARD->HARD,5223.95,2,MEDIUM->SOFT->HARD,-124.34,True,0
2023,Mexico City Grand Prix,Model1_MILP,SAR,6002.72,2,MEDIUM->HARD->MEDIUM,6355.16,2,MEDIUM->SOFT->MEDIUM,352.44,False,0
2023,Mexico City Grand Prix,Model2_GoalProgramming,SAR,6002.72,2,MEDIUM->HARD->MEDIUM,6349.43,2,MEDIUM->SOFT->HARD,346.71,False,0
2023,Miami Grand Prix,Model1_MILP,VER,5258.24,1,HARD->MEDIUM,5332.46,1,MEDIUM->HARD,74.22,False,0
2023,Miami Grand Prix,Model2_GoalProgramming,VER,5258.24,1,HARD->MEDIUM,5308.86,1,MEDIUM->HARD,50.62,False,0
2023,Monaco Grand Prix,Model1_MILP,VER,6531.98,1,MEDIUM->INTERMEDIATE,6669.09,2,HARD->MEDIUM->INTERMEDIATE,137.11,False,0
2023,Monaco Grand Prix,Model2_GoalProgramming,VER,6531.98,1,MEDIUM->INTERMEDIATE,6628.38,2,HARD->MEDIUM->INTERMEDIATE,96.4,False,0
2023,Qatar Grand Prix,Model1_MILP,VER,5259.17,3,MEDIUM->MEDIUM->HARD->MEDIUM,5380.17,3,SOFT->HARD->MEDIUM->HARD,121.0,False,0
2023,Qatar Grand Prix,Model2_GoalProgramming,VER,5259.17,3,MEDIUM->MEDIUM->HARD->MEDIUM,5321.17,3,MEDIUM->HARD->MEDIUM->HARD,62.0,False,0
2023,Saudi Arabian Grand Prix,Model1_MILP,PER,4874.89,1,MEDIUM->HARD,4823.95,2,MEDIUM->SOFT->HARD,-50.94,True,0
2023,Saudi Arabian Grand Prix,Model2_GoalProgramming,PER,4874.89,1,MEDIUM->HARD,4797.82,2,HARD->SOFT->HARD,-77.07,True,0
2023,Singapore Grand Prix,Model1_MILP,RUS,6298.93,2,MEDIUM->HARD->MEDIUM,6366.55,2,MEDIUM->SOFT->MEDIUM,67.62,False,0
2023,Singapore Grand Prix,Model2_GoalProgramming,RUS,6298.93,2,MEDIUM->HARD->MEDIUM,6305.31,2,MEDIUM->SOFT->HARD,6.38,False,0
2023,Spanish Grand Prix,Model1_MILP,VER,5277.94,2,MEDIUM->HARD->SOFT,5378.68,2,MEDIUM->SOFT->HARD,100.74,False,0
2023,Spanish Grand Prix,Model2_GoalProgramming,VER,5277.94,2,MEDIUM->HARD->SOFT,5371.32,2,HARD->MEDIUM->HARD,93.38,False,0
2023,São Paulo Grand Prix,Model1_MILP,RIC,5399.74,3,SOFT->SOFT->MEDIUM->SOFT,6298.57,4,MEDIUM->SOFT->MEDIUM->SOFT->MEDIUM,898.83,False,1
2023,São Paulo Grand Prix,Model2_GoalProgramming,RIC,5399.74,3,SOFT->SOFT->MEDIUM->SOFT,6260.56,4,MEDIUM->SOFT->MEDIUM->SOFT->MEDIUM,860.82,False,1
2023,United States Grand Prix,Model1_MILP,VER,5721.36,2,MEDIUM->MEDIUM->HARD,5697.28,2,SOFT->MEDIUM->HARD,-24.08,True,0
2023,United States Grand Prix,Model2_GoalProgramming,VER,5721.36,2,MEDIUM->MEDIUM->HARD,5676.8,2,SOFT->HARD->MEDIUM,-44.56,True,0
2024,Abu Dhabi Grand Prix,Model1_MILP,NOR,5193.29,1,MEDIUM->HARD,5287.43,2,MEDIUM->HARD->MEDIUM,94.14,False,0
2024,Abu Dhabi Grand Prix,Model2_GoalProgramming,NOR,5193.29,1,MEDIUM->HARD,5242.69,2,MEDIUM->HARD->MEDIUM,49.4,False,0
2024,Australian Grand Prix,Model1_MILP,SAI,4826.84,2,MEDIUM->HARD->HARD,4948.9,2,HARD->MEDIUM->HARD,122.06,False,0
2024,Australian Grand Prix,Model2_GoalProgramming,SAI,4826.84,2,MEDIUM->HARD->HARD,4910.38,2,HARD->MEDIUM->HARD,83.54,False,0
2024,Austrian Grand Prix,Model1_MILP,RUS,5062.8,2,MEDIUM->MEDIUM->HARD,5182.01,3,MEDIUM->HARD->MEDIUM->HARD,119.21,False,0
2024,Austrian Grand Prix,Model2_GoalProgramming,RUS,5062.8,2,MEDIUM->MEDIUM->HARD,5156.79,2,HARD->MEDIUM->HARD,93.99,False,0
2024,Azerbaijan Grand Prix,Model1_MILP,PIA,5578.01,1,MEDIUM->HARD,5321.71,1,SOFT->MEDIUM,-256.3,True,0
2024,Azerbaijan Grand Prix,Model2_GoalProgramming,PIA,5578.01,1,MEDIUM->HARD,5301.01,1,SOFT->MEDIUM,-277.0,True,0
2024,Bahrain Grand Prix,Model1_MILP,VER,5504.74,2,SOFT->HARD->SOFT,5667.98,3,HARD->SOFT->HARD->SOFT,163.24,False,0
2024,Bahrain Grand Prix,Model2_GoalProgramming,VER,5504.74,2,SOFT->HARD->SOFT,5663.94,2,HARD->SOFT->HARD,159.2,False,0
2024,Belgian Grand Prix,Model1_MILP,RUS,4797.04,1,MEDIUM->HARD,4798.92,2,SOFT->HARD->MEDIUM,1.88,False,0
2024,Belgian Grand Prix,Model2_GoalProgramming,RUS,4797.04,1,MEDIUM->HARD,4788.52,2,SOFT->HARD->MEDIUM,-8.52,True,0
2024,British Grand Prix,Model1_MILP,HAM,4947.06,2,MEDIUM->INTERMEDIATE->SOFT,4965.75,2,MEDIUM->HARD->MEDIUM,18.69,False,0
2024,British Grand Prix,Model2_GoalProgramming,HAM,4947.06,2,MEDIUM->INTERMEDIATE->SOFT,4910.14,2,MEDIUM->HARD->MEDIUM,-36.92,True,0
2024,Canadian Grand Prix,Model1_MILP,VER,6347.93,2,INTERMEDIATE->INTERMEDIATE->MEDIUM,6444.35,3,HARD->INTERMEDIATE->HARD->MEDIUM,96.42,False,0
2024,Canadian Grand Prix,Model2_GoalProgramming,VER,6347.93,2,INTERMEDIATE->INTERMEDIATE->MEDIUM,6400.34,3,HARD->INTERMEDIATE->MEDIUM->HARD,52.41,False,0
2024,Chinese Grand Prix,Model1_MILP,VER,6052.55,2,MEDIUM->HARD->HARD,6014.41,3,MEDIUM->SOFT->MEDIUM->HARD,-38.14,True,0
2024,Chinese Grand Prix,Model2_GoalProgramming,VER,6052.55,2,MEDIUM->HARD->HARD,5973.65,3,HARD->SOFT->MEDIUM->HARD,-78.9,True,0
2024,Dutch Grand Prix,Model1_MILP,NOR,5445.52,1,MEDIUM->HARD,5552.14,2,MEDIUM->HARD->SOFT,106.62,False,0
2024,Dutch Grand Prix,Model2_GoalProgramming,NOR,5445.52,1,MEDIUM->HARD,5547.9,2,MEDIUM->HARD->SOFT,102.38,False,0
2024,Emilia Romagna Grand Prix,Model1_MILP,VER,5125.25,1,MEDIUM->HARD,5247.35,2,MEDIUM->HARD->MEDIUM,122.1,False,0
2024,Emilia Romagna Grand Prix,Model2_GoalProgramming,VER,5125.25,1,MEDIUM->HARD,5204.34,2,MEDIUM->HARD->MEDIUM,79.09,False,0
2024,Hungarian Grand Prix,Model1_MILP,PIA,5881.99,2,MEDIUM->HARD->MEDIUM,5961.32,2,MEDIUM->HARD->MEDIUM,79.33,False,0
2024,Hungarian Grand Prix,Model2_GoalProgramming,PIA,5881.99,2,MEDIUM->HARD->MEDIUM,5929.21,2,MEDIUM->HARD->MEDIUM,47.22,False,0
2024,Italian Grand Prix,Model1_MILP,LEC,4480.73,1,MEDIUM->HARD,4583.55,2,MEDIUM->HARD->MEDIUM,102.82,False,0
2024,Italian Grand Prix,Model2_GoalProgramming,LEC,4480.73,1,MEDIUM->HARD,4535.54,2,MEDIUM->HARD->MEDIUM,54.81,False,0
2024,Japanese Grand Prix,Model1_MILP,VER,5152.44,3,MEDIUM->MEDIUM->MEDIUM->HARD,6913.72,3,HARD->SOFT->MEDIUM->HARD,1761.28,False,1
2024,Japanese Grand Prix,Model2_GoalProgramming,VER,5152.44,3,MEDIUM->MEDIUM->MEDIUM->HARD,6881.26,3,HARD->SOFT->MEDIUM->HARD,1728.82,False,1
2024,Las Vegas Grand Prix,Model1_MILP,RUS,4925.97,2,MEDIUM->HARD->HARD,4987.78,2,SOFT->HARD->MEDIUM,61.81,False,0
2024,Las Vegas Grand Prix,Model2_GoalProgramming,RUS,4925.97,2,MEDIUM->HARD->HARD,4985.3,2,HARD->SOFT->HARD,59.33,False,0
2024,Mexico City Grand Prix,Model1_MILP,SAI,6055.8,1,MEDIUM->HARD,5975.08,2,SOFT->MEDIUM->HARD,-80.72,True,0
2024,Mexico City Grand Prix,Model2_GoalProgramming,SAI,6055.8,1,MEDIUM->HARD,5926.52,2,SOFT->MEDIUM->HARD,-129.28,True,0
2024,Miami Grand Prix,Model1_MILP,NOR,5449.88,1,MEDIUM->HARD,5513.16,2,MEDIUM->SOFT->HARD,63.28,False,0
2024,Miami Grand Prix,Model2_GoalProgramming,NOR,5449.88,1,MEDIUM->HARD,5480.36,2,HARD->MEDIUM->HARD,30.48,False,0
2024,Monaco Grand Prix,Model1_MILP,HAM,6126.66,1,MEDIUM->HARD,6483.13,2,SOFT->MEDIUM->HARD,356.47,False,0
2024,Monaco Grand Prix,Model2_GoalProgramming,HAM,6126.66,1,MEDIUM->HARD,6433.59,2,SOFT->MEDIUM->HARD,306.93,False,0
2024,Qatar Grand Prix,Model1_MILP,VER,5465.32,3,MEDIUM->HARD->HARD->HARD,5370.58,3,SOFT->MEDIUM->HARD->MEDIUM,-94.74,True,0
2024,Qatar Grand Prix,Model2_GoalProgramming,VER,5465.32,3,MEDIUM->HARD->HARD->HARD,5319.77,3,SOFT->HARD->MEDIUM->HARD,-145.55,True,0
2024,Saudi Arabian Grand Prix,Model1_MILP,VER,4843.27,1,MEDIUM->HARD,4802.35,1,SOFT->HARD,-40.92,True,0
2024,Saudi Arabian Grand Prix,Model2_GoalProgramming,VER,4843.27,1,MEDIUM->HARD,4785.42,1,SOFT->HARD,-57.85,True,0
2024,Singapore Grand Prix,Model1_MILP,NOR,6052.57,1,MEDIUM->HARD,6157.35,1,MEDIUM->HARD,104.78,False,0
2024,Singapore Grand Prix,Model2_GoalProgramming,NOR,6052.57,1,MEDIUM->HARD,6127.71,1,MEDIUM->HARD,75.14,False,0
2024,Spanish Grand Prix,Model1_MILP,VER,5300.23,2,SOFT->MEDIUM->SOFT,5390.24,2,SOFT->MEDIUM->SOFT,90.01,False,0
2024,Spanish Grand Prix,Model2_GoalProgramming,VER,5300.23,2,SOFT->MEDIUM->SOFT,5369.28,2,SOFT->MEDIUM->HARD,69.05,False,0
2024,São Paulo Grand Prix,Model1_MILP,VER,6058.02,1,INTERMEDIATE->INTERMEDIATE,6715.57,2,INTERMEDIATE->WET->INTERMEDIATE,657.55,False,1
2024,São Paulo Grand Prix,Model2_GoalProgramming,VER,6058.02,1,INTERMEDIATE->INTERMEDIATE,6700.3,2,INTERMEDIATE->WET->INTERMEDIATE,642.28,False,1
2024,United States Grand Prix,Model1_MILP,LEC,5709.64,1,MEDIUM->HARD,5617.61,2,SOFT->MEDIUM->HARD,-92.03,True,0
2024,United States Grand Prix,Model2_GoalProgramming,LEC,5709.64,1,MEDIUM->HARD,5591.87,2,SOFT->HARD->MEDIUM,-117.77,True,0
